<?xml version="1.0"?>
<doc>
    <assembly>
        <name>yjx.webapi</name>
    </assembly>
    <members>
        <member name="T:yjx.webapi.Controllers.PreplessController">
            <summary>
            备课
            </summary>
        </member>
        <member name="M:yjx.webapi.Controllers.PreplessController.#ctor(yjx.service.prepless.IPreplessService,yjx.core.service.modold.IResourceService)">
            <summary>
            构造函数
            </summary>
            <param name="preplessService"></param>
            <param name="resourceService"></param>
        </member>
        <member name="M:yjx.webapi.Controllers.PreplessController.GetDateTime(System.String)">
            <summary>
            【测试接口】获取系统时间
            </summary>
            <param name="id"></param>
            <returns></returns>
        </member>
        <member name="M:yjx.webapi.Controllers.PreplessController.GetTest">
            <summary>
            【测试接口】获取服务内容
            </summary>
            <returns></returns>
        </member>
        <member name="T:yjx.webapi.Controllers.ValuesController">
            <summary>
            
            </summary>
        </member>
        <member name="M:yjx.webapi.Controllers.ValuesController.Get">
            <summary>
            
            </summary>
            <returns></returns>
        </member>
        <member name="M:yjx.webapi.Controllers.ValuesController.Get(System.Int32)">
            <summary>
            
            </summary>
            <param name="id"></param>
            <returns></returns>
        </member>
        <member name="M:yjx.webapi.Controllers.ValuesController.Post(System.String)">
            <summary>
            
            </summary>
            <param name="value"></param>
        </member>
        <member name="M:yjx.webapi.Controllers.ValuesController.Put(System.Int32,System.String)">
            <summary>
            
            </summary>
            <param name="id"></param>
            <param name="value"></param>
        </member>
        <member name="M:yjx.webapi.Controllers.ValuesController.Delete(System.Int32)">
            <summary>
            
            </summary>
            <param name="id"></param>
        </member>
        <member name="T:yjx.webapi.Controllers.WxController">
            <summary>
            微信
            </summary>
        </member>
        <member name="M:yjx.webapi.Controllers.WxController.#ctor(yjx.core.service.wx.IWXService,Microsoft.Extensions.Logging.ILogger{yjx.webapi.Controllers.WxController})">
            <summary>
            构造函数
            </summary>
            <param name="wXService"></param>
        </member>
        <member name="M:yjx.webapi.Controllers.WxController.Send(System.Collections.Generic.List{System.String},System.String,System.Object,System.String)">
            <summary>
            获取数据
            </summary>
        </member>
        <member name="M:yjx.webapi.Controllers.WxController.GetData(System.String,System.String)">
            <summary>
            获取数据
            </summary>
        </member>
        <member name="T:yjx.webapi.Helper.AppSettings">
            <summary>
            获取配置
            </summary>
        </member>
        <member name="M:yjx.webapi.Helper.AppSettings.AppSetting(System.String)">
            <summary>
            获取配置
            </summary>
            <param name="key"></param>
            <returns></returns>
        </member>
        <member name="M:yjx.webapi.Helper.AppSettings.SetAppSetting(Microsoft.Extensions.Configuration.IConfigurationSection)">
            <summary>
            修改配置
            </summary>
            <param name="section"></param>
        </member>
        <member name="T:yjx.webapi.Models.ResultModel">
            <summary>
            公共返回值
            </summary>
        </member>
        <member name="P:yjx.webapi.Models.ResultModel.Success">
            <summary>
            是否成功
            </summary>
        </member>
        <member name="P:yjx.webapi.Models.ResultModel.ErrCode">
            <summary>
            错误码
            </summary>
        </member>
        <member name="P:yjx.webapi.Models.ResultModel.Message">
            <summary>
            返回消息信息
            </summary>
        </member>
        <member name="T:yjx.webapi.Models.ResultModel`1">
            <summary>
            公共返回值
            </summary>
        </member>
        <member name="P:yjx.webapi.Models.ResultModel`1.Success">
            <summary>
            是否成功
            </summary>
        </member>
        <member name="P:yjx.webapi.Models.ResultModel`1.SuccessCode">
            <summary>
            成功码
            </summary>
        </member>
        <member name="P:yjx.webapi.Models.ResultModel`1.Data">
            <summary>
            返回数据信息
            </summary>
        </member>
        <member name="P:yjx.webapi.Models.ResultModel`1.Message">
            <summary>
            返回消息信息
            </summary>
        </member>
        <member name="T:yjx.webapi.Program">
            <summary>
            
            </summary>
        </member>
        <member name="M:yjx.webapi.Program.Main(System.String[])">
            <summary>
            
            </summary>
            <param name="args"></param>
        </member>
        <member name="M:yjx.webapi.Program.BuildWebHost(System.String[])">
            <summary>
            
            </summary>
            <param name="args"></param>
            <returns></returns>
        </member>
        <member name="T:yjx.webapi.Startup">
            <summary>
            
            </summary>
        </member>
        <member name="M:yjx.webapi.Startup.#ctor(Microsoft.Extensions.Configuration.IConfiguration)">
            <summary>
            
            </summary>
            <param name="configuration"></param>
        </member>
        <member name="P:yjx.webapi.Startup.Configuration">
            <summary>
            
            </summary>
        </member>
        <member name="M:yjx.webapi.Startup.ConfigureServices(Microsoft.Extensions.DependencyInjection.IServiceCollection)">
            <summary>
            
            </summary>
            <param name="services"></param>
        </member>
        <member name="M:yjx.webapi.Startup.Configure(Microsoft.AspNetCore.Builder.IApplicationBuilder,Microsoft.AspNetCore.Hosting.IHostingEnvironment,Microsoft.Extensions.Logging.ILoggerFactory)">
            <summary>
            
            </summary>
            <param name="app"></param>
            <param name="env"></param>
            <param name="loggerFactory"></param>
        </member>
    </members>
</doc>
